year,species_code,comp_type,base_iss_age,sub_iss_age,sub_samp,region
2017,10110,female,351.32651115953234,103.92451601588064,a25,goa
2017,10110,male,146.97431386524892,44.23710520767775,a25,goa
2017,10110,total,468.7802074337174,136.43518416041928,a25,goa
2017,10130,female,84.30149739756054,20.849635122956144,a25,goa
2017,10130,male,92.45699269768014,20.108695435662653,a25,goa
2017,10130,total,171.45761396059788,40.148837212517,a25,goa
2017,10180,female,74.1091760286534,27.955228301537673,a25,goa
2017,10180,male,86.11056112262882,29.49447423223234,a25,goa
2017,10180,total,154.18732395092596,57.04293999426616,a25,goa
2017,10200,female,155.0769827156459,48.05376562427439,a25,goa
2017,10200,male,112.29123913753858,35.728103037186884,a25,goa
2017,10200,total,242.97112191884372,76.2471647089318,a25,goa
2017,10261,female,125.23848422075469,47.81975078599661,a25,goa
2017,10261,male,69.66279196290346,26.128513640523433,a25,goa
2017,10261,total,164.4872437609201,70.10391428796606,a25,goa
2017,10262,female,158.62301498249423,57.79733021763447,a25,goa
2017,10262,male,99.79549935896412,38.66249441348273,a25,goa
2017,10262,total,224.44706813605703,90.33832657154478,a25,goa
2017,21720,female,63.25477723268746,23.238621529785565,a25,goa
2017,21720,male,57.20516881821688,21.73947116220204,a25,goa
2017,21720,total,95.48761892478105,38.30336828780678,a25,goa
2017,21740,female,13.459944379424147,12.3965229934563,a25,goa
2017,21740,male,16.161227625375076,14.3073721231572,a25,goa
2017,21740,total,16.65611414115834,15.61279465941798,a25,goa
2017,30051,female,49.516579499413574,18.040245958238025,a25,goa
2017,30051,male,47.786094636470025,17.09248759734196,a25,goa
2017,30051,total,88.26793530524152,33.87532186368639,a25,goa
2017,30052,female,48.16180007247538,16.41504526861391,a25,goa
2017,30052,male,46.47175438644671,18.09705859658804,a25,goa
2017,30052,total,91.2294492787506,35.912242500994196,a25,goa
2017,30060,female,170.5195528060789,68.66151085996182,a25,goa
2017,30060,male,154.12197398573568,60.768519286626926,a25,goa
2017,30060,total,277.7722719247158,122.10034302238977,a25,goa
2017,30152,female,93.57618010428207,33.925283080904535,a25,goa
2017,30152,male,63.63308708681187,24.799903316053665,a25,goa
2017,30152,total,127.16769873604282,54.01120073061857,a25,goa
2017,30420,female,95.33412574910182,36.17378479754208,a25,goa
2017,30420,male,79.42222436720823,27.373255891926075,a25,goa
2017,30420,total,161.5747609751012,63.61659998263181,a25,goa
2019,10110,female,380.0649601514089,108.13355905115937,a25,goa
2019,10110,male,203.59885483029555,60.020154599305506,a25,goa
2019,10110,total,541.6453103464688,161.65523312434436,a25,goa
2019,10130,female,70.96257454099161,18.33911622535761,a25,goa
2019,10130,male,80.00742026133891,20.250849403528814,a25,goa
2019,10130,total,138.73528785205343,35.445737982086605,a25,goa
2019,10180,female,66.25905720774722,24.932370409873123,a25,goa
2019,10180,male,74.8347159072222,26.474104771487735,a25,goa
2019,10180,total,135.36319522892103,50.47226862661983,a25,goa
2019,10200,female,200.71256070822457,66.85198257889152,a25,goa
2019,10200,male,139.25253562501177,49.30477099003437,a25,goa
2019,10200,total,299.7833367329087,109.52777106235426,a25,goa
2019,10262,female,228.03316323663452,77.0650117659589,a25,goa
2019,10262,male,102.45933293980424,33.62766598815408,a25,goa
2019,10262,total,312.2809333383594,103.89678996517294,a25,goa
2019,21720,female,48.22601945992916,26.301775027544817,a25,goa
2019,21720,male,50.65192976787112,27.783757426964932,a25,goa
2019,21720,total,62.21663976503881,39.039643623522466,a25,goa
2019,21740,female,98.75040550700064,63.285640163743224,a25,goa
2019,21740,male,84.55652606817947,49.3510596746811,a25,goa
2019,21740,total,85.2922303067114,63.62840677547854,a25,goa
2019,30051,female,36.809277309941216,13.974659884492654,a25,goa
2019,30051,male,44.19675867704259,16.115321857399355,a25,goa
2019,30051,total,79.36257479829442,32.00011540850183,a25,goa
2019,30052,female,15.080894265637951,7.916038767036464,a25,goa
2019,30052,male,14.188105225525833,6.324906295575966,a25,goa
2019,30052,total,26.68458176233012,13.874711841242569,a25,goa
2019,30060,female,222.00112084233768,90.00580607185529,a25,goa
2019,30060,male,230.33181319064852,106.70247035452893,a25,goa
2019,30060,total,342.0310496000456,172.5531706370142,a25,goa
2019,30152,female,93.90116966382918,32.23039362432859,a25,goa
2019,30152,male,82.4393907423242,30.154818604696413,a25,goa
2019,30152,total,158.64300676141872,61.410537875160585,a25,goa
2019,30420,female,84.23673188344412,32.08814225160765,a25,goa
2019,30420,male,63.89288801122524,22.07910490648012,a25,goa
2019,30420,total,145.94718026961988,56.405625235156656,a25,goa
2021,10130,female,90.94231631061504,18.450028136485138,a25,goa
2021,10130,male,88.37013453945137,19.967305601021476,a25,goa
2021,10130,total,168.71365708591966,36.66028777374733,a25,goa
2021,10262,female,267.5058607915141,92.18544835838804,a25,goa
2021,10262,male,111.54611558156242,38.972530496402854,a25,goa
2021,10262,total,366.1172923127939,129.7087403913142,a25,goa
2021,21720,female,116.58370227842336,38.8173043756611,a25,goa
2021,21720,male,109.42087482119275,37.40926185596113,a25,goa
2021,21720,total,170.21844237418497,59.96909109491456,a25,goa
2021,21740,female,88.38956449088658,64.79837294257494,a25,goa
2021,21740,male,82.27977153266681,62.787310554692695,a25,goa
2021,21740,total,91.9989699145176,76.00070666587685,a25,goa
2021,30052,female,51.990459326881606,19.756167441793934,a25,goa
2021,30052,male,48.56596611327382,18.062024333673484,a25,goa
2021,30052,total,97.223934114383,40.27169747608061,a25,goa
2021,30060,female,186.03361582839196,71.0195721849781,a25,goa
2021,30060,male,234.82435591406747,89.58868887752001,a25,goa
2021,30060,total,349.1347832287259,148.87807681355548,a25,goa
2021,30152,female,78.43097907363013,32.03025384992691,a25,goa
2021,30152,male,65.909642442535,26.021072933776452,a25,goa
2021,30152,total,127.73388842746624,56.978987437332904,a25,goa
2021,30420,female,99.26232739084888,39.03085069480889,a25,goa
2021,30420,male,106.18915146360652,40.12478434945405,a25,goa
2021,30420,total,194.531099158851,78.0790367757792,a25,goa
2017,10110,female,345.83381000188575,204.46885307404617,a50,goa
2017,10110,male,145.80333208099847,85.09546577527628,a50,goa
2017,10110,total,462.40845116791576,270.6179305599222,a50,goa
2017,10130,female,86.0778273703644,40.51562437434805,a50,goa
2017,10130,male,92.09872616876252,42.59922103299468,a50,goa
2017,10130,total,171.70270282285068,81.88295412371488,a50,goa
2017,10180,female,74.87945326745846,46.69961458413208,a50,goa
2017,10180,male,88.24199163322248,54.35274616501662,a50,goa
2017,10180,total,158.48207414435015,99.20777649538904,a50,goa
2017,10200,female,156.0458315681951,91.01221273233816,a50,goa
2017,10200,male,113.43787832662996,68.0649173108683,a50,goa
2017,10200,total,245.52309411022696,145.15377961145705,a50,goa
2017,10261,female,128.49914433716407,82.56779297968325,a50,goa
2017,10261,male,67.41452372857403,42.67867487192471,a50,goa
2017,10261,total,166.03119283213204,112.38413486848094,a50,goa
2017,10262,female,152.36002985127243,97.43346261834805,a50,goa
2017,10262,male,100.39471348227194,65.88298135136479,a50,goa
2017,10262,total,219.1608016905521,145.83937990598926,a50,goa
2017,21720,female,65.32989531485654,40.11615811343113,a50,goa
2017,21720,male,54.85253869631415,36.70354120207117,a50,goa
2017,21720,total,94.6309012854586,61.7781469268759,a50,goa
2017,21740,female,14.244041818953743,13.954584068075064,a50,goa
2017,21740,male,17.55125870561815,16.499855624723978,a50,goa
2017,21740,total,17.627279208896358,17.14753758071761,a50,goa
2017,30051,female,48.426885272599954,31.144591919963315,a50,goa
2017,30051,male,45.58434723532718,29.283107857899164,a50,goa
2017,30051,total,85.68907022660308,56.55915462679796,a50,goa
2017,30052,female,47.66137977345999,29.778035435661756,a50,goa
2017,30052,male,47.45178775484846,30.673263606175063,a50,goa
2017,30052,total,92.08666288231969,60.67112728490873,a50,goa
2017,30060,female,172.1133895064446,117.2553546301435,a50,goa
2017,30060,male,152.4672592131331,105.05952332000898,a50,goa
2017,30060,total,277.26361016788985,199.12086448962287,a50,goa
2017,30152,female,93.14404110906116,61.150413480102536,a50,goa
2017,30152,male,60.95350342802293,40.8794692078541,a50,goa
2017,30152,total,123.3681199825037,87.4499731102797,a50,goa
2017,30420,female,93.44099879053168,62.22274556633545,a50,goa
2017,30420,male,76.12160957738925,48.77759128218207,a50,goa
2017,30420,total,157.7625510590425,105.885903573975,a50,goa
2019,10110,female,375.99588736119273,211.7683878800456,a50,goa
2019,10110,male,211.1642570776608,121.57548836302747,a50,goa
2019,10110,total,544.3898809013298,315.22139922427374,a50,goa
2019,10130,female,71.56886343741554,35.39078071010207,a50,goa
2019,10130,male,78.66319025093729,40.23212073759918,a50,goa
2019,10130,total,138.14059472231236,69.3677075314457,a50,goa
2019,10180,female,68.57670579538446,44.04750434914423,a50,goa
2019,10180,male,75.02269742308209,47.63136643656322,a50,goa
2019,10180,total,137.83234241175202,88.9050769634353,a50,goa
2019,10200,female,199.56865709383783,125.51227544258886,a50,goa
2019,10200,male,140.94275549029766,87.03277888414844,a50,goa
2019,10200,total,302.80829124292177,194.29590402154187,a50,goa
2019,10262,female,235.3373963969088,141.6065924084277,a50,goa
2019,10262,male,107.97307610290224,64.37669049147463,a50,goa
2019,10262,total,323.6290605488758,191.52768695294745,a50,goa
2019,21720,female,47.8174745402176,37.850028665135405,a50,goa
2019,21720,male,50.364444062005624,40.92278237534138,a50,goa
2019,21720,total,61.73252628626613,52.64776495629842,a50,goa
2019,21740,female,104.7125374685515,91.0419117477922,a50,goa
2019,21740,male,86.18509947974931,72.93123294605329,a50,goa
2019,21740,total,88.42856522049381,81.39371683158888,a50,goa
2019,30051,female,37.94348764402881,23.46734584737998,a50,goa
2019,30051,male,43.95953293549645,27.324118137112663,a50,goa
2019,30051,total,80.51990481755065,50.51321250506835,a50,goa
2019,30052,female,15.355866574986116,11.429701512283014,a50,goa
2019,30052,male,14.663844303312157,9.959273995390086,a50,goa
2019,30052,total,27.66291873706732,20.184776600990883,a50,goa
2019,30060,female,216.8907700205793,152.55931922817476,a50,goa
2019,30060,male,228.17437995820964,168.73522799759286,a50,goa
2019,30060,total,337.7823353666192,260.41003329409784,a50,goa
2019,30152,female,92.14818200164078,57.387431940749714,a50,goa
2019,30152,male,83.38835471273683,53.25732229899904,a50,goa
2019,30152,total,155.520851610748,102.176931343938,a50,goa
2019,30420,female,82.44639955492235,52.194622544001994,a50,goa
2019,30420,male,64.43735071320275,39.6681816633357,a50,goa
2019,30420,total,142.10518968465405,91.70806563362515,a50,goa
2021,10130,female,91.03084249098012,39.63622590180406,a50,goa
2021,10130,male,87.88824213389772,40.82172192056602,a50,goa
2021,10130,total,171.37963172558682,76.80840202485108,a50,goa
2021,10262,female,264.2917062023207,168.79643404975192,a50,goa
2021,10262,male,108.31283529050825,69.5757646063006,a50,goa
2021,10262,total,346.66899272772156,222.74890233118583,a50,goa
2021,21720,female,114.00165054884891,68.42612824426581,a50,goa
2021,21720,male,109.21090080474085,64.40109973861925,a50,goa
2021,21720,total,169.18755595068532,101.07537540874854,a50,goa
2021,21740,female,84.1064621086291,78.50247489478714,a50,goa
2021,21740,male,78.54292530868734,72.62316278063999,a50,goa
2021,21740,total,87.52345660430038,83.9581763250109,a50,goa
2021,30052,female,51.73794830044734,33.406407754918305,a50,goa
2021,30052,male,48.89298536507735,31.250096422998222,a50,goa
2021,30052,total,98.74635093911596,65.89064912956404,a50,goa
2021,30060,female,180.881751071213,123.77489998968149,a50,goa
2021,30060,male,232.6876846221595,154.74230924168694,a50,goa
2021,30060,total,340.15689910277973,244.6763544224106,a50,goa
2021,30152,female,78.84037209210591,54.6308031586823,a50,goa
2021,30152,male,65.76699874677593,44.46958812308296,a50,goa
2021,30152,total,129.22462451046354,93.18277970232224,a50,goa
2021,30420,female,100.86158029730942,67.00480321788854,a50,goa
2021,30420,male,107.43959651956926,70.85794183319227,a50,goa
2021,30420,total,194.2422944248428,131.8518260016214,a50,goa
2017,10110,female,344.3244866835535,283.8337002313389,a75,goa
2017,10110,male,143.79017606203658,118.55899461032143,a75,goa
2017,10110,total,466.4485230194919,386.31362444584914,a75,goa
2017,10130,female,84.44431219063745,59.631737242048395,a75,goa
2017,10130,male,94.38174497160728,67.77270846541019,a75,goa
2017,10130,total,175.68914119973155,125.48462338512223,a75,goa
2017,10180,female,73.71311801539944,61.29714564163218,a75,goa
2017,10180,male,86.64912954486584,72.57895353832629,a75,goa
2017,10180,total,154.33769977756188,130.45605959094524,a75,goa
2017,10200,female,155.613342667027,127.01174197269845,a75,goa
2017,10200,male,110.83700824665846,91.93736821964124,a75,goa
2017,10200,total,239.96631226168415,199.0407805551208,a75,goa
2017,10261,female,129.62591003669218,109.23834337902554,a75,goa
2017,10261,male,69.73652861808742,60.440338491781674,a75,goa
2017,10261,total,167.69485055009284,146.44640188323154,a75,goa
2017,10262,female,156.97170094465125,132.28056245736295,a75,goa
2017,10262,male,101.71410606267142,87.20709144754568,a75,goa
2017,10262,total,226.2175070152979,195.90771884942163,a75,goa
2017,21720,female,65.80599278258441,54.48335878199245,a75,goa
2017,21720,male,55.34388256639437,46.518131542208685,a75,goa
2017,21720,total,96.20106786106284,81.31118982921757,a75,goa
2017,21740,female,13.43070112430729,13.296679643300244,a75,goa
2017,21740,male,16.183366438353833,15.857756253656058,a75,goa
2017,21740,total,16.577029781396245,16.394780521194026,a75,goa
2017,30051,female,49.751286176068994,42.29448419368539,a75,goa
2017,30051,male,45.837220336088045,38.77285683634932,a75,goa
2017,30051,total,88.80776147212981,76.74286560695872,a75,goa
2017,30052,female,48.52991457412111,39.54149026460078,a75,goa
2017,30052,male,46.658949959014784,39.57160692834998,a75,goa
2017,30052,total,90.21806476386683,76.56725979737057,a75,goa
2017,30060,female,169.84402077258858,147.74957417757378,a75,goa
2017,30060,male,155.29560115443277,136.00082480301785,a75,goa
2017,30060,total,277.863526452829,248.0582124449961,a75,goa
2017,30152,female,93.82376437965176,80.19602037571627,a75,goa
2017,30152,male,61.691255654610806,53.40916508635472,a75,goa
2017,30152,total,123.34539820549804,108.83101550858407,a75,goa
2017,30420,female,94.09538146198778,79.58050474539714,a75,goa
2017,30420,male,77.25439116390773,65.41742624960888,a75,goa
2017,30420,total,158.70989989820134,134.9981491104196,a75,goa
2019,10110,female,373.8021778242148,303.7423305587431,a75,goa
2019,10110,male,219.90759840276831,175.44668068646325,a75,goa
2019,10110,total,552.7372236902735,443.35595273317625,a75,goa
2019,10130,female,66.94565532413507,50.270825653968586,a75,goa
2019,10130,male,76.08846319148743,58.34044738164005,a75,goa
2019,10130,total,131.9993556413802,100.1104944135477,a75,goa
2019,10180,female,66.9528207629354,56.01093412912104,a75,goa
2019,10180,male,75.88900100660423,62.99274560465618,a75,goa
2019,10180,total,137.8909485308457,115.04326060148476,a75,goa
2019,10200,female,202.6087440792886,169.87704434574763,a75,goa
2019,10200,male,136.8624024769556,114.75785491275468,a75,goa
2019,10200,total,303.0245973830097,256.75688346028033,a75,goa
2019,10262,female,231.4350264004247,194.36284417066992,a75,goa
2019,10262,male,108.28662923246436,89.01137737308507,a75,goa
2019,10262,total,309.84009538693107,258.39166531536887,a75,goa
2019,21720,female,44.34367897307347,41.24457836997881,a75,goa
2019,21720,male,49.73441487212602,45.990596561084715,a75,goa
2019,21720,total,57.89702500969756,54.63203223055328,a75,goa
2019,21740,female,95.47158548559102,91.01862800500125,a75,goa
2019,21740,male,79.60547658753298,76.19625702992057,a75,goa
2019,21740,total,77.44337224427318,75.45073945684558,a75,goa
2019,30051,female,36.32658757580925,30.286717784140144,a75,goa
2019,30051,male,43.14531258048349,36.607926707488375,a75,goa
2019,30051,total,79.42356873448007,66.95422563725438,a75,goa
2019,30052,female,15.653356844015,13.892712671588209,a75,goa
2019,30052,male,14.848014941599123,12.958758007974655,a75,goa
2019,30052,total,28.525094067358033,25.213394186843995,a75,goa
2019,30060,female,216.91220096300017,189.9769049330363,a75,goa
2019,30060,male,222.46596143087532,198.05170715190485,a75,goa
2019,30060,total,327.12637330938253,298.5394705061864,a75,goa
2019,30152,female,93.78203971876252,77.6308551339093,a75,goa
2019,30152,male,82.56414393321205,70.56970429171817,a75,goa
2019,30152,total,159.70942496495425,137.48219062509924,a75,goa
2019,30420,female,82.9915525021535,70.38619493589333,a75,goa
2019,30420,male,63.23003512546944,53.34694227737356,a75,goa
2019,30420,total,143.1814546104314,121.89650900595112,a75,goa
2021,10130,female,93.31504350871074,66.63471057067848,a75,goa
2021,10130,male,87.25562532519335,64.19157140588692,a75,goa
2021,10130,total,175.00855808966406,126.53388197070475,a75,goa
2021,10262,female,266.16024982360756,228.08267916865395,a75,goa
2021,10262,male,110.57067911451028,92.21605890772368,a75,goa
2021,10262,total,352.5694633949177,299.74676595637504,a75,goa
2021,21720,female,113.81712997545269,93.7247572159408,a75,goa
2021,21720,male,105.23019516398593,86.3624867230695,a75,goa
2021,21720,total,165.49784299136522,135.3888276027026,a75,goa
2021,21740,female,79.80190605566023,78.31651511497171,a75,goa
2021,21740,male,74.09976992696342,72.56157212018077,a75,goa
2021,21740,total,82.51442960922643,81.62947478421594,a75,goa
2021,30052,female,51.79083742685847,44.17478462256506,a75,goa
2021,30052,male,47.30362143921547,39.78099777305979,a75,goa
2021,30052,total,97.0585070703171,82.7688042347988,a75,goa
2021,30060,female,181.00094215158205,156.26357002638778,a75,goa
2021,30060,male,234.41630501028777,203.5307444183055,a75,goa
2021,30060,total,344.3249158855088,304.9053748730796,a75,goa
2021,30152,female,78.9928345458336,68.6190246549168,a75,goa
2021,30152,male,64.94737846018366,55.765651533630454,a75,goa
2021,30152,total,127.67132650218169,112.4127779365423,a75,goa
2021,30420,female,102.54525278746998,85.86319545810669,a75,goa
2021,30420,male,107.7905050548908,91.91182221524268,a75,goa
2021,30420,total,198.17820128009652,168.29366302936086,a75,goa
2017,10110,female,359.38285477236565,332.1992716087094,a90,goa
2017,10110,male,145.08234621346028,133.57532625521478,a90,goa
2017,10110,total,476.6798313828968,438.5396701889749,a90,goa
2017,10130,female,87.69445210311858,77.55292527237745,a90,goa
2017,10130,male,93.49788529794706,82.42831233225746,a90,goa
2017,10130,total,173.73950309738086,153.51900394166188,a90,goa
2017,10180,female,72.75085520279332,68.79451696435781,a90,goa
2017,10180,male,87.04697242036474,81.2743801188929,a90,goa
2017,10180,total,155.53003910103735,146.44383751640763,a90,goa
2017,10200,female,153.91117598241829,144.03538196171436,a90,goa
2017,10200,male,112.35739038736612,106.67987024889698,a90,goa
2017,10200,total,241.89538387356825,228.1849926504146,a90,goa
2017,10261,female,122.57565309715898,116.2103159475011,a90,goa
2017,10261,male,67.25185094443906,63.893263355891904,a90,goa
2017,10261,total,157.12645996539774,151.2894754296545,a90,goa
2017,10262,female,158.16069201423898,149.88014144733617,a90,goa
2017,10262,male,101.3831753453722,96.42769341264948,a90,goa
2017,10262,total,225.37869655944505,215.09907633744945,a90,goa
2017,21720,female,64.4060405948779,60.17820840377296,a90,goa
2017,21720,male,58.08454153393387,55.19305646004381,a90,goa
2017,21720,total,97.78955765122586,92.1883156365878,a90,goa
2017,21740,female,13.538032073216796,13.49619288861361,a90,goa
2017,21740,male,16.562026167055183,16.401581789044098,a90,goa
2017,21740,total,16.74975420202907,16.689103906809994,a90,goa
2017,30051,female,47.21954212542782,44.65467938041808,a90,goa
2017,30051,male,45.65786214650049,42.95176180839015,a90,goa
2017,30051,total,85.14962141545809,80.27268278084486,a90,goa
2017,30052,female,48.96125591556162,45.69435269457343,a90,goa
2017,30052,male,47.60407410122443,44.969466579176206,a90,goa
2017,30052,total,91.65119493956172,86.45701574226341,a90,goa
2017,30060,female,168.8705810721861,161.2678287291205,a90,goa
2017,30060,male,151.49117054266577,144.35551327371238,a90,goa
2017,30060,total,273.3599719511904,262.72484660351336,a90,goa
2017,30152,female,93.46331330358667,88.42491911435027,a90,goa
2017,30152,male,62.27957778712369,59.13879583536675,a90,goa
2017,30152,total,124.50062635301222,118.71054899792657,a90,goa
2017,30420,female,95.70710848947536,90.6349096680291,a90,goa
2017,30420,male,78.12880484798981,73.60609199310575,a90,goa
2017,30420,total,162.28899308603616,153.34626367700886,a90,goa
2019,10110,female,378.78958067741206,355.4464851538474,a90,goa
2019,10110,male,210.42902382487952,191.7365773366073,a90,goa
2019,10110,total,562.1124733138416,522.6145235719861,a90,goa
2019,10130,female,68.64063372398753,61.994231583452056,a90,goa
2019,10130,male,78.03716647684013,70.36334631487303,a90,goa
2019,10130,total,133.6940343857328,121.6089278847406,a90,goa
2019,10180,female,67.79170653292563,63.76514074256677,a90,goa
2019,10180,male,75.85387493912296,70.84165865031406,a90,goa
2019,10180,total,137.7613672668988,129.9097432172519,a90,goa
2019,10200,female,208.56657206858188,197.26996839278007,a90,goa
2019,10200,male,141.11353690504072,133.06716069052015,a90,goa
2019,10200,total,312.39505032518827,299.2196624410083,a90,goa
2019,10262,female,231.36311257340083,217.9837077990336,a90,goa
2019,10262,male,106.60431932610388,100.42255511473682,a90,goa
2019,10262,total,317.4398684353351,299.59178554037516,a90,goa
2019,21720,female,47.384271601572905,45.72788547498649,a90,goa
2019,21720,male,51.96757458095331,50.69104636047953,a90,goa
2019,21720,total,62.23189795568505,60.73485496740089,a90,goa
2019,21740,female,105.92157371498897,104.0579781109488,a90,goa
2019,21740,male,86.39366498631863,84.59336159993883,a90,goa
2019,21740,total,86.20422839959579,85.23333160960485,a90,goa
2019,30051,female,36.751812470885866,34.45575368405717,a90,goa
2019,30051,male,44.01378529993296,41.728863491368635,a90,goa
2019,30051,total,81.32191806114255,76.95067129503502,a90,goa
2019,30052,female,15.516053305177545,14.944492747472031,a90,goa
2019,30052,male,14.936578120576376,14.043111561145926,a90,goa
2019,30052,total,27.917177850941552,26.670659598585985,a90,goa
2019,30060,female,219.82059222425423,209.77125427880645,a90,goa
2019,30060,male,228.6658326685559,220.3247856802018,a90,goa
2019,30060,total,335.3560653133588,324.5462606914428,a90,goa
2019,30152,female,93.38057926269308,87.48162967860867,a90,goa
2019,30152,male,83.33624122083617,78.64563154594006,a90,goa
2019,30152,total,159.78506404010972,151.08411397032594,a90,goa
2019,30420,female,81.33689920582191,76.10486383477765,a90,goa
2019,30420,male,64.97976917483362,61.22941620896056,a90,goa
2019,30420,total,142.4854049194597,133.8195348317521,a90,goa
2021,10130,female,90.83865053250209,80.39540168883853,a90,goa
2021,10130,male,86.30947931297418,76.1671255554756,a90,goa
2021,10130,total,173.3758101955098,153.61538438562,a90,goa
2021,10262,female,258.34920792560393,246.8556259870736,a90,goa
2021,10262,male,109.2490533487583,104.11413393232044,a90,goa
2021,10262,total,343.70937674499163,328.8400156369019,a90,goa
2021,21720,female,117.7937596530778,109.81344538144792,a90,goa
2021,21720,male,108.80576064379208,102.10495721069265,a90,goa
2021,21720,total,168.40110348159476,157.26731371479022,a90,goa
2021,21740,female,85.32504230384372,84.4342402464433,a90,goa
2021,21740,male,82.77563206539466,82.41509537748823,a90,goa
2021,21740,total,90.83417210043716,90.49852136323038,a90,goa
2021,30052,female,51.419259173018695,48.982510724517624,a90,goa
2021,30052,male,47.945732623765096,44.94631736139658,a90,goa
2021,30052,total,97.04567946931226,92.63038141000592,a90,goa
2021,30060,female,184.6296238951464,175.0884194857306,a90,goa
2021,30060,male,231.16437497791324,219.15777276872157,a90,goa
2021,30060,total,347.90823972357026,332.6933607477225,a90,goa
2021,30152,female,79.44740174725867,75.70668227373216,a90,goa
2021,30152,male,64.50588755301776,61.297032099153235,a90,goa
2021,30152,total,128.2078189406403,122.81807362088068,a90,goa
2021,30420,female,100.11122427949252,94.65072646257426,a90,goa
2021,30420,male,106.48435571169271,100.75400453111692,a90,goa
2021,30420,total,193.6819847966771,183.60487321172187,a90,goa
2014,10110,female,75.22523473538247,28.438414894763167,a25,ai
2014,10110,male,48.46708304514218,17.80889681839913,a25,ai
2014,10110,total,116.65574459237148,46.955432352530394,a25,ai
2014,21720,female,100.72746639674276,37.05739806353699,a25,ai
2014,21720,male,106.83058840202158,42.907939910348894,a25,ai
2014,21720,total,156.85915671437945,67.90996407845317,a25,ai
2014,21740,female,6.826461920436276,5.645625306244092,a25,ai
2014,21740,male,7.262744162229915,5.4445356631748965,a25,ai
2014,21740,total,7.2522813623445295,6.098561192159136,a25,ai
2014,21921,female,57.75281826198161,25.47624848230105,a25,ai
2014,21921,male,48.72266202722737,23.701240359601982,a25,ai
2014,21921,total,76.68732883913005,41.667377104647464,a25,ai
2014,30051,female,3.168719443793477,2.2429674105682076,a25,ai
2014,30051,male,5.868631583547544,3.323742116415936,a25,ai
2014,30051,total,6.084840434909339,3.2483073462907273,a25,ai
2014,30052,female,67.37767428607421,26.166490006810776,a25,ai
2014,30052,male,72.55703852715745,28.505202679559257,a25,ai
2014,30052,total,131.00583459451795,53.58788769930904,a25,ai
2014,30060,female,142.5696664352136,58.33480912767628,a25,ai
2014,30060,male,135.66205585741272,50.44305313167606,a25,ai
2014,30060,total,222.55426898865423,95.37466596263124,a25,ai
2014,30420,female,81.11002984011922,29.67967432641911,a25,ai
2014,30420,male,75.4186928692002,26.300238110646188,a25,ai
2014,30420,total,141.47666767762755,54.54696305617037,a25,ai
2016,10110,female,136.27785364773837,46.91204898965716,a25,ai
2016,10110,male,49.931653104532785,19.369825853880403,a25,ai
2016,10110,total,127.23454938733084,53.49002385239782,a25,ai
2016,10112,female,71.83287371733095,28.618319770876532,a25,ai
2016,10112,male,67.44351988178533,30.42822157368995,a25,ai
2016,10112,total,105.91296437947108,50.90394103285814,a25,ai
2016,21720,female,103.1353550362978,40.48467554757721,a25,ai
2016,21720,male,109.08985927722628,44.703796756924326,a25,ai
2016,21720,total,149.9972684109017,65.5622081423927,a25,ai
2016,21740,female,51.28109924113155,33.865247094475095,a25,ai
2016,21740,male,19.535779216851843,15.40889260401136,a25,ai
2016,21740,total,34.192145699759635,28.342434963739603,a25,ai
2016,21921,female,26.471817777426978,14.4646133185815,a25,ai
2016,21921,male,31.79567208234165,14.642517190510308,a25,ai
2016,21921,total,39.68701361534168,23.54846941174877,a25,ai
2016,30052,female,53.53421072286847,20.000917528132756,a25,ai
2016,30052,male,59.58612709795715,21.920093394707965,a25,ai
2016,30052,total,108.7387546483622,42.72914725325924,a25,ai
2016,30060,female,202.60877467224876,68.85525300669234,a25,ai
2016,30060,male,263.40248081294186,93.45174219331136,a25,ai
2016,30060,total,430.4765196924575,157.4460514453661,a25,ai
2016,30420,female,152.0784453050828,57.628958508603894,a25,ai
2016,30420,male,70.95179268467821,27.12463145837008,a25,ai
2016,30420,total,214.33315032622343,86.27665379168431,a25,ai
2018,10110,female,136.029006443943,48.0352138156514,a25,ai
2018,10110,male,96.59688289487464,31.801450523311733,a25,ai
2018,10110,total,199.0287501317544,71.01537505483597,a25,ai
2018,10112,female,89.47316427723125,40.267969367305014,a25,ai
2018,10112,male,77.80555275804932,39.73377926605248,a25,ai
2018,10112,total,122.87991003058085,66.51266788359213,a25,ai
2018,21720,female,140.12569192336102,39.11308012962492,a25,ai
2018,21720,male,122.21362191083662,36.27186700598043,a25,ai
2018,21720,total,198.39318425682592,56.78553027423508,a25,ai
2018,21740,female,110.75321630202023,60.546307335343414,a25,ai
2018,21740,male,60.111189030779386,30.05903250662195,a25,ai
2018,21740,total,102.71198958119,62.22345673770966,a25,ai
2018,21921,female,85.5135192968138,48.80500956344241,a25,ai
2018,21921,male,90.04134223763711,52.73016808253951,a25,ai
2018,21921,total,118.13189174076604,77.915581012478,a25,ai
2018,30051,female,3.2526604113509774,2.4431574137336622,a25,ai
2018,30051,male,4.85512435819568,2.2810775209334113,a25,ai
2018,30051,total,6.466314441754422,4.013888162434159,a25,ai
2018,30052,female,51.717551911301214,19.218363106220867,a25,ai
2018,30052,male,50.54880421609162,18.499399330230265,a25,ai
2018,30052,total,97.6518517064059,37.45511974358771,a25,ai
2018,30060,female,169.66781654361668,56.23915072803562,a25,ai
2018,30060,male,230.6921882648686,82.13752596870867,a25,ai
2018,30060,total,388.7085874420627,138.60133256952827,a25,ai
2018,30420,female,155.19692542256035,60.73573343254401,a25,ai
2018,30420,male,89.32027699459678,32.366637812116885,a25,ai
2018,30420,total,243.9828967584541,95.78586700474705,a25,ai
2014,10110,female,75.32847075012184,47.67246946343761,a50,ai
2014,10110,male,47.24874409043036,29.693401133364,a50,ai
2014,10110,total,116.77993027884678,73.28543160677238,a50,ai
2014,21720,female,94.82027762339688,61.10239926269451,a50,ai
2014,21720,male,106.24987630431828,70.30125510681223,a50,ai
2014,21720,total,151.24695626579992,105.41389336915351,a50,ai
2014,21740,female,7.070323717609275,6.646119025866313,a50,ai
2014,21740,male,7.538757050623131,6.831172736871924,a50,ai
2014,21740,total,7.517612094080384,7.093433793222402,a50,ai
2014,21921,female,60.633031828130186,42.08061997958306,a50,ai
2014,21921,male,49.35696099387906,36.38411308834455,a50,ai
2014,21921,total,79.48457202723371,61.82223170376364,a50,ai
2014,30051,female,3.595745143004892,3.0261201719186426,a50,ai
2014,30051,male,5.474590943267523,4.169417859239998,a50,ai
2014,30051,total,6.099009704728819,4.0850265346133545,a50,ai
2014,30052,female,66.01932034934086,44.182126929747426,a50,ai
2014,30052,male,73.53209810794296,48.82508860228568,a50,ai
2014,30052,total,129.75547586562715,89.19703950457586,a50,ai
2014,30060,female,142.58810063266316,100.57164698972989,a50,ai
2014,30060,male,137.7725212367992,92.50795923574428,a50,ai
2014,30060,total,225.7496047461602,163.13999081850207,a50,ai
2014,30420,female,81.51253099107703,53.02613338474642,a50,ai
2014,30420,male,74.50123338926461,47.731327199416555,a50,ai
2014,30420,total,141.49678151388562,94.63794695220668,a50,ai
2016,10110,female,139.1885816950155,85.32346270381802,a50,ai
2016,10110,male,50.98964526910497,33.88023697160293,a50,ai
2016,10110,total,131.59143001810645,90.294738117543,a50,ai
2016,10112,female,68.56270623698363,46.93048442361372,a50,ai
2016,10112,male,68.1232768347642,49.267433074528874,a50,ai
2016,10112,total,104.10521429193746,78.54685886242113,a50,ai
2016,21720,female,102.17165954550052,66.49292189769042,a50,ai
2016,21720,male,111.03892725897562,74.61311950219265,a50,ai
2016,21720,total,152.98354387098837,104.59027143870848,a50,ai
2016,21740,female,50.835376583631714,44.490930756616635,a50,ai
2016,21740,male,19.56819643364009,18.11282743178904,a50,ai
2016,21740,total,34.55856304600341,32.53333043593309,a50,ai
2016,21921,female,25.513019674351696,20.95393692458807,a50,ai
2016,21921,male,32.69450090635191,22.99823205010085,a50,ai
2016,21921,total,38.48894704379188,32.35571051883249,a50,ai
2016,30052,female,53.28796210324179,33.75742160283319,a50,ai
2016,30052,male,58.47297513616215,36.46697814547393,a50,ai
2016,30052,total,107.46153791525032,69.029919670286,a50,ai
2016,30060,female,201.82875894181055,129.38407230211286,a50,ai
2016,30060,male,257.7971351123268,169.70128102937193,a50,ai
2016,30060,total,419.4279820993998,283.0672340129874,a50,ai
2016,30420,female,150.165619830766,96.44304085789736,a50,ai
2016,30420,male,68.74556883808089,43.793319953017,a50,ai
2016,30420,total,211.438659241688,138.79202228639096,a50,ai
2018,10110,female,137.30692165879617,84.61079327935661,a50,ai
2018,10110,male,97.13367005247405,58.88443030537877,a50,ai
2018,10110,total,200.00921770357397,124.41106797216769,a50,ai
2018,10112,female,86.03956292333748,61.18479466916538,a50,ai
2018,10112,male,76.11544819493884,58.924632651275616,a50,ai
2018,10112,total,116.74386294975332,93.78571578130912,a50,ai
2018,21720,female,135.9128472248335,77.83963364516288,a50,ai
2018,21720,male,117.8222876632668,66.94069302305304,a50,ai
2018,21720,total,197.61934770227413,112.14798224264943,a50,ai
2018,21740,female,111.17337088662606,87.69917577972764,a50,ai
2018,21740,male,62.48644759787732,46.65112628648431,a50,ai
2018,21740,total,105.52940710982315,86.11837914765663,a50,ai
2018,21921,female,86.48132593786852,70.71060432567208,a50,ai
2018,21921,male,94.36030061671416,78.71898245183435,a50,ai
2018,21921,total,121.59783208957116,105.64150988608772,a50,ai
2018,30051,female,3.1856172297115406,2.785532590695503,a50,ai
2018,30051,male,4.799363593508256,3.457742500563366,a50,ai
2018,30051,total,5.6583230538239215,5.510021982977696,a50,ai
2018,30052,female,50.92211054682446,32.55349973948369,a50,ai
2018,30052,male,51.07867776779501,31.916905718258143,a50,ai
2018,30052,total,95.76323863905246,61.52299572535245,a50,ai
2018,30060,female,166.64904304008178,104.98975968726742,a50,ai
2018,30060,male,231.34231260509512,147.50903780248296,a50,ai
2018,30060,total,375.0988786336442,243.15764934032345,a50,ai
2018,30420,female,154.7531684850486,100.41264049776608,a50,ai
2018,30420,male,87.4884428968749,55.956206846765824,a50,ai
2018,30420,total,244.4329487521593,158.22446304588908,a50,ai
2014,10110,female,76.03523012878532,63.954293208321594,a75,ai
2014,10110,male,47.13836460076949,40.67731542449774,a75,ai
2014,10110,total,116.45862284716078,99.60735793238258,a75,ai
2014,21720,female,100.311627504426,85.21461871591437,a75,ai
2014,21720,male,108.72369810270386,91.88358292328952,a75,ai
2014,21720,total,157.036382131786,135.6691441655333,a75,ai
2014,21740,female,7.125104144836444,7.0157140835508,a75,ai
2014,21740,male,7.5701500040988225,7.305004451749604,a75,ai
2014,21740,total,7.567801070475052,7.436779319516692,a75,ai
2014,21921,female,57.76498702184299,50.1576256364074,a75,ai
2014,21921,male,49.9618356767513,45.86022374774467,a75,ai
2014,21921,total,77.1854835621046,70.86160538217224,a75,ai
2014,30051,female,3.2796272836546763,2.8628060836126883,a75,ai
2014,30051,male,5.480249184510141,4.6126658628184245,a75,ai
2014,30051,total,5.715830471659926,5.000089540502082,a75,ai
2014,30052,female,67.386537183966,57.31878064654213,a75,ai
2014,30052,male,74.45202301043598,64.6659576673789,a75,ai
2014,30052,total,132.48038841845292,114.5893748184664,a75,ai
2014,30060,female,140.60611147992125,124.905290636574,a75,ai
2014,30060,male,142.14718574827333,122.13909847521342,a75,ai
2014,30060,total,230.64235357910567,203.19308899633063,a75,ai
2014,30420,female,82.13365997518933,70.56265107805919,a75,ai
2014,30420,male,73.66964374730718,63.04421707500272,a75,ai
2014,30420,total,141.42590736319062,122.77968795595592,a75,ai
2016,10110,female,141.9292992567346,116.34523477922704,a75,ai
2016,10110,male,51.3295823572556,43.44684252380355,a75,ai
2016,10110,total,132.60823050396178,113.63216528288255,a75,ai
2016,10112,female,70.53798182562124,60.79562832283695,a75,ai
2016,10112,male,65.5128960187254,58.23071531920595,a75,ai
2016,10112,total,102.64523440786694,92.4960822736623,a75,ai
2016,21720,female,102.30619858989036,87.66904920259768,a75,ai
2016,21720,male,110.31250307556311,93.54497571037048,a75,ai
2016,21720,total,149.9989767310525,129.5133865370435,a75,ai
2016,21740,female,49.322591706517635,46.914332663033974,a75,ai
2016,21740,male,18.95725262890435,18.44188763289101,a75,ai
2016,21740,total,33.00587573631412,32.21773963052295,a75,ai
2016,21921,female,27.23904872275015,24.89076833579857,a75,ai
2016,21921,male,35.949082255053554,31.46093751606556,a75,ai
2016,21921,total,41.896751766726325,39.07143952491493,a75,ai
2016,30052,female,53.22656563541645,44.350930073707275,a75,ai
2016,30052,male,59.63803684940897,49.541240370299555,a75,ai
2016,30052,total,109.34822366768483,91.9288174932907,a75,ai
2016,30060,female,200.3582441700071,169.51458566272697,a75,ai
2016,30060,male,261.8682901799553,221.65122961051756,a75,ai
2016,30060,total,426.9289229028626,365.1588346960954,a75,ai
2016,30420,female,150.0048529572467,126.08235012525309,a75,ai
2016,30420,male,69.67320995467621,58.99418092402275,a75,ai
2016,30420,total,208.32516145014165,177.441136006251,a75,ai
2018,10110,female,133.3663109502464,111.38583678429708,a75,ai
2018,10110,male,93.1586716780369,77.20712607145214,a75,ai
2018,10110,total,195.58084182920948,162.65172125394037,a75,ai
2018,10112,female,89.99682049296905,79.30850090047632,a75,ai
2018,10112,male,78.58854342506352,71.94676857575153,a75,ai
2018,10112,total,122.85118290810306,112.9677027169413,a75,ai
2018,21720,female,135.665123462143,107.77568473952348,a75,ai
2018,21720,male,123.2329584148572,99.35413722605318,a75,ai
2018,21720,total,202.03304527012108,164.00824921847635,a75,ai
2018,21740,female,112.52141610586132,103.37890741894856,a75,ai
2018,21740,male,60.24494441911565,53.98257331162959,a75,ai
2018,21740,total,104.49540962374368,97.7908602316947,a75,ai
2018,21921,female,90.4498188046712,84.2273259003732,a75,ai
2018,21921,male,92.72004672588828,88.7612573965244,a75,ai
2018,21921,total,123.56487769144306,118.80186198266335,a75,ai
2018,30051,female,3.191697278627017,3.066233445033919,a75,ai
2018,30051,male,4.7911463609370735,4.118793739060893,a75,ai
2018,30051,total,5.54853434996683,5.4733613481574395,a75,ai
2018,30052,female,50.84722989696808,42.49907329636716,a75,ai
2018,30052,male,49.978228101153995,41.47865179836697,a75,ai
2018,30052,total,96.62253354878814,80.90633406382341,a75,ai
2018,30060,female,167.40820253717982,140.32561605287972,a75,ai
2018,30060,male,230.20925633344336,195.64831946746844,a75,ai
2018,30060,total,380.9205224367754,326.2451271849846,a75,ai
2018,30420,female,153.61679368429023,129.61895270978593,a75,ai
2018,30420,male,89.979555072709,75.57528073513042,a75,ai
2018,30420,total,246.72338215172164,206.56769014758072,a75,ai
2014,10110,female,74.95845344968218,70.45447373403928,a90,ai
2014,10110,male,46.81587943931624,43.856143335002336,a90,ai
2014,10110,total,115.79505618313416,108.96177232908116,a90,ai
2014,21720,female,99.77328694927265,95.16641012851186,a90,ai
2014,21720,male,108.71074140155594,103.45526440866166,a90,ai
2014,21720,total,155.69686632606297,149.00556342120052,a90,ai
2014,21740,female,6.974516054958679,6.925319425126233,a90,ai
2014,21740,male,7.527684059439682,7.432918899007179,a90,ai
2014,21740,total,7.450059247458596,7.3996665776569985,a90,ai
2014,21921,female,56.6291535102882,53.93535648627952,a90,ai
2014,21921,male,50.464863693489455,48.858057562245634,a90,ai
2014,21921,total,76.49353803065614,74.40173299524554,a90,ai
2014,30051,female,3.598179625646314,3.5456895058166165,a90,ai
2014,30051,male,5.777177009272723,5.423857516355327,a90,ai
2014,30051,total,6.347171793863232,5.85809912026783,a90,ai
2014,30052,female,64.8252369708656,61.82731216947833,a90,ai
2014,30052,male,73.27996707433527,69.52322207818523,a90,ai
2014,30052,total,128.83284179299335,123.00758810825144,a90,ai
2014,30060,female,143.8070440207783,138.08614574785955,a90,ai
2014,30060,male,140.63496728978865,134.26468477631357,a90,ai
2014,30060,total,230.44580621586263,222.19608439007644,a90,ai
2014,30420,female,83.20276128451283,79.16060820788056,a90,ai
2014,30420,male,73.0712235118632,69.17257176784646,a90,ai
2014,30420,total,142.52058444264722,136.11163741244374,a90,ai
2016,10110,female,140.1051458489477,130.65975186624877,a90,ai
2016,10110,male,50.64873901617254,47.7829342836382,a90,ai
2016,10110,total,129.6143893002232,122.49734664246158,a90,ai
2016,10112,female,69.2636230410605,65.97490302965612,a90,ai
2016,10112,male,67.48181275028017,64.69211565828692,a90,ai
2016,10112,total,103.89882183820724,99.81092017130204,a90,ai
2016,21720,female,104.52994322590772,99.09789087975987,a90,ai
2016,21720,male,114.60573439367008,107.30829096615082,a90,ai
2016,21720,total,154.4582891847051,146.40822792679666,a90,ai
2016,21740,female,52.36878737455821,51.54344218876105,a90,ai
2016,21740,male,20.68938683097302,20.47849224717901,a90,ai
2016,21740,total,35.827122269832245,35.59457042747242,a90,ai
2016,21921,female,25.66451648138034,24.740889757885963,a90,ai
2016,21921,male,32.6310072909321,31.48397900773296,a90,ai
2016,21921,total,38.790272953208415,37.93200802556755,a90,ai
2016,30052,female,52.667515053886554,50.197417289453035,a90,ai
2016,30052,male,60.63628607018198,56.65555088383877,a90,ai
2016,30052,total,108.4671675303491,102.87324234754804,a90,ai
2016,30060,female,201.6944144290765,191.99909375474195,a90,ai
2016,30060,male,261.46189255836117,246.2325527846586,a90,ai
2016,30060,total,430.22283504000256,408.01934008930095,a90,ai
2016,30420,female,150.23637465460374,142.13975279758924,a90,ai
2016,30420,male,70.47750563247236,66.10120374613395,a90,ai
2016,30420,total,211.91938517954745,200.4451273457357,a90,ai
2018,10110,female,139.51884842011972,130.66893854618525,a90,ai
2018,10110,male,95.5416913154452,89.2622692768689,a90,ai
2018,10110,total,200.54392842699485,189.15370834045677,a90,ai
2018,10112,female,88.5915882725563,84.37980119302945,a90,ai
2018,10112,male,78.43930020921452,75.79000709003698,a90,ai
2018,10112,total,121.89869906895493,118.07635871381125,a90,ai
2018,21720,female,136.6855926938415,128.45195176820434,a90,ai
2018,21720,male,121.23876990055903,112.4860081287782,a90,ai
2018,21720,total,200.6429751001457,187.93874607437047,a90,ai
2018,21740,female,109.92027124182346,106.44497304759275,a90,ai
2018,21740,male,59.394099827173925,57.349892767259846,a90,ai
2018,21740,total,100.25539344259232,97.90893628932558,a90,ai
2018,21921,female,88.62181497086759,86.3501349380529,a90,ai
2018,21921,male,92.23995094797657,90.70623434880284,a90,ai
2018,21921,total,121.8639276538215,120.15217427880565,a90,ai
2018,30051,female,2.9999495704893064,3.0513992244469472,a90,ai
2018,30051,male,4.408091098036633,4.128853768897641,a90,ai
2018,30051,total,5.847714348478706,6.076511276379076,a90,ai
2018,30052,female,50.648506848692854,47.55216651077158,a90,ai
2018,30052,male,50.99477764230859,48.46318064531171,a90,ai
2018,30052,total,97.916284929709,92.50864756565956,a90,ai
2018,30060,female,167.73184575822782,158.406262906345,a90,ai
2018,30060,male,226.6322380956344,213.49900425248276,a90,ai
2018,30060,total,386.90285099096826,365.0621725940845,a90,ai
2018,30420,female,149.82753657818526,141.26052039820695,a90,ai
2018,30420,male,88.15055577521511,82.61703750818984,a90,ai
2018,30420,total,240.74491207433633,226.48746486487772,a90,ai
2018,10110,female,339.5129092266114,93.58688324589444,a25,bs
2018,10110,male,92.62149024362172,19.978833962055703,a25,bs
2018,10110,total,363.54329574000593,86.1305118751623,a25,bs
2018,10112,female,124.7726594557522,41.85554300456082,a25,bs
2018,10112,male,102.83124466359128,36.23189761547664,a25,bs
2018,10112,total,205.58399129788415,73.38497738135023,a25,bs
2018,10115,female,41.56211990627856,14.869538354770585,a25,bs
2018,10115,male,24.853092711263525,8.814649112475577,a25,bs
2018,10115,total,69.82671237836584,24.496256159756843,a25,bs
2018,10130,female,186.7100946999447,59.93526831627644,a25,bs
2018,10130,male,210.85244928631528,65.211608973998,a25,bs
2018,10130,total,371.40753843767794,121.0233248672334,a25,bs
2018,10210,female,193.9642157317123,64.3707367456049,a25,bs
2018,10210,male,138.03682578279677,45.7518333238758,a25,bs
2018,10210,total,315.2939512049994,109.26613212742204,a25,bs
2018,10261,female,129.8305687854489,41.7604942447478,a25,bs
2018,10261,male,92.1442196757592,32.04632556750854,a25,bs
2018,10261,total,208.81559128746028,79.87279528278968,a25,bs
2018,10285,female,101.0877156548875,34.73631123033429,a25,bs
2018,10285,male,55.58061336900106,19.815632464449976,a25,bs
2018,10285,total,132.56017359051194,49.4374722542012,a25,bs
2018,21720,female,275.1308270111814,80.23827096028774,a25,bs
2018,21720,male,244.4085843186144,81.53180422357549,a25,bs
2018,21720,total,348.766700758344,109.45967520077032,a25,bs
2018,21740,female,194.88459815912432,77.32339617257466,a25,bs
2018,21740,male,214.95134539719584,80.76797878931221,a25,bs
2018,21740,total,257.3020585030304,121.5291232168068,a25,bs
2019,10110,female,249.86879835880129,83.64161234961894,a25,bs
2019,10110,male,110.7914704673564,29.2742597278315,a25,bs
2019,10110,total,328.62564437021973,101.96406414079182,a25,bs
2019,10112,female,106.1792551601442,36.00539498231412,a25,bs
2019,10112,male,85.99576464936919,30.087242042018925,a25,bs
2019,10112,total,188.239179463301,64.59975107859373,a25,bs
2019,10115,female,32.219026090111555,10.136113729391164,a25,bs
2019,10115,male,10.425932844714932,3.1717245951949056,a25,bs
2019,10115,total,40.9133924596865,12.920598180589474,a25,bs
2019,10130,female,173.94381888681124,56.75206905144222,a25,bs
2019,10130,male,186.6455503144016,60.35900967733302,a25,bs
2019,10130,total,305.5141645656899,100.1051179716848,a25,bs
2019,10210,female,201.81451885758895,69.24647588513103,a25,bs
2019,10210,male,145.49021281439013,48.81718908361595,a25,bs
2019,10210,total,309.21762173129616,114.5964846115296,a25,bs
2019,10261,female,109.37199589908896,39.37153857325551,a25,bs
2019,10261,male,96.5550750115264,34.304580522489495,a25,bs
2019,10261,total,200.50537229594337,74.55009033176995,a25,bs
2019,10285,female,124.79359135860524,43.023804003499315,a25,bs
2019,10285,male,66.1118139988067,21.63151727264428,a25,bs
2019,10285,total,159.2703693345776,56.20699892211184,a25,bs
2019,21720,female,220.1060329603964,68.12037603468168,a25,bs
2019,21720,male,224.3360654272,79.19258188348373,a25,bs
2019,21720,total,256.6750935200955,94.05479587186642,a25,bs
2019,21740,female,327.2564846603454,98.14452779438412,a25,bs
2019,21740,male,351.2884300147461,100.18383052181444,a25,bs
2019,21740,total,425.0410167545215,160.06199235775998,a25,bs
2021,10110,female,210.21391385886977,48.392408810441786,a25,bs
2021,10110,male,66.38816802332747,16.754073761246616,a25,bs
2021,10110,total,223.9959630458617,45.96903462334913,a25,bs
2021,10112,female,101.75490603258082,39.30789676948696,a25,bs
2021,10112,male,89.07927050817148,33.86886303700065,a25,bs
2021,10112,total,168.91574779003258,70.21834459971465,a25,bs
2021,10115,female,30.2056942573331,9.890070239091475,a25,bs
2021,10115,male,4.135656622387996,1.682586189274265,a25,bs
2021,10115,total,36.3657597694624,11.989983424225825,a25,bs
2021,10130,female,217.96291463260388,69.57415334183352,a25,bs
2021,10130,male,186.3212304013368,61.21260762665319,a25,bs
2021,10130,total,310.02888136442664,108.6884987648906,a25,bs
2021,10210,female,140.14050336626468,48.766108871907655,a25,bs
2021,10210,male,120.53647940616376,49.3562011693008,a25,bs
2021,10210,total,234.33847267101171,85.00987518619343,a25,bs
2021,10261,female,135.70114896874375,49.20486278739624,a25,bs
2021,10261,male,147.48641255619702,52.530585471936966,a25,bs
2021,10261,total,274.01417819252003,105.8981112143612,a25,bs
2021,21720,female,388.51515498619347,87.30286202879037,a25,bs
2021,21720,male,404.7142503130373,84.14189852578079,a25,bs
2021,21720,total,593.1423549199077,119.6769836681316,a25,bs
2021,21740,female,222.3537056541699,68.81061122481943,a25,bs
2021,21740,male,239.76900253045852,75.30531592139396,a25,bs
2021,21740,total,361.6891365815918,113.27477081014484,a25,bs
2022,21740,female,289.66861298187933,102.39067422134929,a25,bs
2022,21740,male,279.6075298068079,97.5691838166734,a25,bs
2022,21740,total,446.32137889415935,182.57862955006712,a25,bs
2018,10110,female,321.9093728232908,204.96068038586031,a50,bs
2018,10110,male,88.11277171111871,42.23368021430181,a50,bs
2018,10110,total,346.86249699031885,195.6902449443992,a50,bs
2018,10112,female,125.98599884409806,77.19343109828489,a50,bs
2018,10112,male,107.27520793742464,68.53407913801621,a50,bs
2018,10112,total,213.26374693953045,134.95020918390628,a50,bs
2018,10115,female,42.39026613504758,26.801925354097705,a50,bs
2018,10115,male,24.322861861653184,15.713524472327466,a50,bs
2018,10115,total,68.97288219842532,43.02534196992898,a50,bs
2018,10130,female,179.50297367008417,110.51570700796002,a50,bs
2018,10130,male,210.09511557811177,123.7096334967395,a50,bs
2018,10130,total,369.89830994313746,223.56172692486905,a50,bs
2018,10210,female,206.5879839450058,125.79086111602224,a50,bs
2018,10210,male,138.1717120577352,85.99077154956123,a50,bs
2018,10210,total,325.5710846356277,205.2191925077248,a50,bs
2018,10261,female,126.85453639723582,75.8193181175497,a50,bs
2018,10261,male,90.06519934814186,57.285611634002336,a50,bs
2018,10261,total,199.36506741788975,132.61052252924625,a50,bs
2018,10285,female,98.30258436535972,60.84335961914543,a50,bs
2018,10285,male,57.687372857966,35.24147544936095,a50,bs
2018,10285,total,136.841182545128,86.24180791364451,a50,bs
2018,21720,female,276.67451575962906,157.16918463929974,a50,bs
2018,21720,male,246.43672162045775,150.0248527153145,a50,bs
2018,21720,total,357.3502168947255,208.91391049307236,a50,bs
2018,21740,female,193.36325928754133,134.48850402342026,a50,bs
2018,21740,male,217.90410805892105,145.8039982661327,a50,bs
2018,21740,total,267.71433831328983,202.99260632528197,a50,bs
2019,10110,female,244.98179244655591,153.09064596864883,a50,bs
2019,10110,male,111.11283546319416,67.9675403746911,a50,bs
2019,10110,total,324.77119126655003,201.1831488913761,a50,bs
2019,10112,female,105.29222209058388,64.23311625039493,a50,bs
2019,10112,male,87.99164270872618,54.4614258049045,a50,bs
2019,10112,total,193.28237250373948,115.71563134427905,a50,bs
2019,10115,female,31.87070714122386,17.744123566665287,a50,bs
2019,10115,male,10.000441132562996,5.95142918805244,a50,bs
2019,10115,total,40.27286495846379,22.87557441043397,a50,bs
2019,10130,female,177.9113940313608,104.8222210061813,a50,bs
2019,10130,male,180.93033651337947,113.60722682467936,a50,bs
2019,10130,total,309.3986360706482,191.22173953872115,a50,bs
2019,10210,female,198.4256776559793,131.31211915302663,a50,bs
2019,10210,male,141.86045507143456,87.78932204798477,a50,bs
2019,10210,total,307.5928047029974,202.6161748663332,a50,bs
2019,10261,female,109.0442929664558,70.19036702698953,a50,bs
2019,10261,male,103.26954949424136,65.48448601204832,a50,bs
2019,10261,total,210.7141164173776,133.4359984269456,a50,bs
2019,10285,female,126.2612247844242,77.67857893319447,a50,bs
2019,10285,male,66.5828497281786,40.566627661307265,a50,bs
2019,10285,total,158.58028576257038,99.97960270139588,a50,bs
2019,21720,female,228.438659448292,147.09042574921477,a50,bs
2019,21720,male,236.85575797220272,167.589454346343,a50,bs
2019,21720,total,269.47953902591104,189.026389306104,a50,bs
2019,21740,female,338.96546259826533,196.70870724780872,a50,bs
2019,21740,male,330.5057982309833,196.2657893643107,a50,bs
2019,21740,total,415.7534480881092,283.66842939448946,a50,bs
2021,10110,female,224.16257661934725,113.01764336118424,a50,bs
2021,10110,male,69.50746648126972,35.25859951061644,a50,bs
2021,10110,total,233.70853705559657,110.56887877257051,a50,bs
2021,10112,female,103.23377443754796,65.97454055820474,a50,bs
2021,10112,male,89.88295541868146,58.56516034379536,a50,bs
2021,10112,total,168.79877466960858,113.29590634650528,a50,bs
2021,10115,female,30.182321047601143,17.80480428691456,a50,bs
2021,10115,male,4.266079873623197,2.577659835054648,a50,bs
2021,10115,total,36.05801784999056,21.12680653679977,a50,bs
2021,10130,female,216.93659857935444,129.9982208275713,a50,bs
2021,10130,male,178.94431025951897,107.82591968107384,a50,bs
2021,10130,total,301.01833369736016,189.44179705115968,a50,bs
2021,10210,female,135.36979518083038,88.40859505756227,a50,bs
2021,10210,male,117.22561857642322,80.42014440890976,a50,bs
2021,10210,total,225.1952812391079,153.33466470402996,a50,bs
2021,10261,female,135.05970143161466,87.10630467191007,a50,bs
2021,10261,male,154.67585073717896,99.95131790738252,a50,bs
2021,10261,total,277.94141002485634,183.46542965324787,a50,bs
2021,21720,female,386.246093338374,209.87945296437965,a50,bs
2021,21720,male,411.22932327818165,229.83618007120157,a50,bs
2021,21720,total,603.1621456320564,336.6294497900178,a50,bs
2021,21740,female,223.4585082076183,141.24380709986042,a50,bs
2021,21740,male,231.86477596782268,149.68742826408135,a50,bs
2021,21740,total,358.46479566940843,239.98531490052596,a50,bs
2022,21740,female,275.57120307064486,180.7127016070411,a50,bs
2022,21740,male,271.2999218415458,176.0818900272757,a50,bs
2022,21740,total,438.54507264891134,311.84607741905893,a50,bs
2018,10110,female,340.1447274679765,290.5641656402086,a75,bs
2018,10110,male,91.68777795928352,69.4923554593951,a75,bs
2018,10110,total,368.80756464209855,298.63048890073435,a75,bs
2018,10112,female,120.87632299377192,102.0259034857408,a75,bs
2018,10112,male,105.2329124147114,88.28195133898204,a75,bs
2018,10112,total,206.61595370368,175.43708020601892,a75,bs
2018,10115,female,41.63849055326879,35.06703836008616,a75,bs
2018,10115,male,24.22001263216265,20.55187037577298,a75,bs
2018,10115,total,68.87049753843793,57.21906980311644,a75,bs
2018,10130,female,183.64827524251743,150.9534395782669,a75,bs
2018,10130,male,210.2061638693073,174.20563394505697,a75,bs
2018,10130,total,370.7302670200433,307.94921972992637,a75,bs
2018,10210,female,197.20186362279537,164.5957813854591,a75,bs
2018,10210,male,133.90201645614022,112.50816407521243,a75,bs
2018,10210,total,315.11874561111625,264.3507207238556,a75,bs
2018,10261,female,127.3930433592815,104.68988082799868,a75,bs
2018,10261,male,91.87737536880664,79.03291581249833,a75,bs
2018,10261,total,197.90902121092168,173.1559876082139,a75,bs
2018,10285,female,104.40877801370416,86.99808021887901,a75,bs
2018,10285,male,56.950584434274326,46.87447648520349,a75,bs
2018,10285,total,138.5768577684227,115.53946292801584,a75,bs
2018,21720,female,287.05156795605853,234.03334952277777,a75,bs
2018,21720,male,253.05933851885857,212.5154436532098,a75,bs
2018,21720,total,363.7482275664295,300.45901227188756,a75,bs
2018,21740,female,197.56303224800155,172.48722159961633,a75,bs
2018,21740,male,224.7119243541892,194.76401494909584,a75,bs
2018,21740,total,263.9119880234965,239.8763922182671,a75,bs
2019,10110,female,244.16963124016652,202.54896410095597,a75,bs
2019,10110,male,117.5530228642694,89.17888489572586,a75,bs
2019,10110,total,334.0180836711367,271.9743605916477,a75,bs
2019,10112,female,103.1295719720555,85.47196862522134,a75,bs
2019,10112,male,88.03525195914509,74.3576641054132,a75,bs
2019,10112,total,183.07931342801857,152.72425836383476,a75,bs
2019,10115,female,32.139571209887656,25.86633668342207,a75,bs
2019,10115,male,10.476147719283391,8.541066970237345,a75,bs
2019,10115,total,40.484538921400635,32.35192330177605,a75,bs
2019,10130,female,179.2454428790515,148.83437730373376,a75,bs
2019,10130,male,173.7757428061369,145.5395707613476,a75,bs
2019,10130,total,303.12443636663085,253.4901948631221,a75,bs
2019,10210,female,200.90595478117055,171.08345350360628,a75,bs
2019,10210,male,143.34503311298582,121.06690116170682,a75,bs
2019,10210,total,308.3218662318932,266.58575415582686,a75,bs
2019,10261,female,110.59845498003368,93.2765743792438,a75,bs
2019,10261,male,94.8735126651923,79.06706732310325,a75,bs
2019,10261,total,195.93784740932128,165.8268449490281,a75,bs
2019,10285,female,124.8648896868646,104.60735364836228,a75,bs
2019,10285,male,67.28211800398003,55.9093758422236,a75,bs
2019,10285,total,159.676194392585,135.348169756545,a75,bs
2019,21720,female,222.3488484955835,194.0588377633231,a75,bs
2019,21720,male,225.17924610218415,202.0479326630491,a75,bs
2019,21720,total,258.16214889108454,233.14743493624903,a75,bs
2019,21740,female,327.83475468763703,268.7273189629977,a75,bs
2019,21740,male,348.26457279591574,287.5614702849498,a75,bs
2019,21740,total,435.9319905328488,382.47947780417303,a75,bs
2021,10110,female,220.42598893101223,172.47741431130245,a75,bs
2021,10110,male,70.97279696463252,54.19439102133093,a75,bs
2021,10110,total,235.44633798617645,178.72435979280266,a75,bs
2021,10112,female,107.31816764515388,92.53977075419311,a75,bs
2021,10112,male,87.86332043177775,74.63240303695315,a75,bs
2021,10112,total,170.70346617486788,147.30756933082688,a75,bs
2021,10115,female,29.198162932419237,23.474699861524343,a75,bs
2021,10115,male,4.111298218549438,3.386155991580907,a75,bs
2021,10115,total,34.52825269724767,27.888763041829204,a75,bs
2021,10130,female,221.051161141278,177.4775982279377,a75,bs
2021,10130,male,191.0863501439816,156.59925859761466,a75,bs
2021,10130,total,317.2349916759724,258.7608789467907,a75,bs
2021,10210,female,141.9959614550453,119.12651309078991,a75,bs
2021,10210,male,115.99052010533585,101.37958963652314,a75,bs
2021,10210,total,234.09919166238583,204.71447668970688,a75,bs
2021,10261,female,131.11151844327864,111.12252944560475,a75,bs
2021,10261,male,146.6730290533894,123.39324753102652,a75,bs
2021,10261,total,271.0531660075674,236.43862570059417,a75,bs
2021,21720,female,373.6211975005044,301.4907835247149,a75,bs
2021,21720,male,404.3208030064642,338.3433924738196,a75,bs
2021,21720,total,579.8876351285322,486.3203178674978,a75,bs
2021,21740,female,214.39881996429244,185.51811447856093,a75,bs
2021,21740,male,232.24506720442648,198.77002468681073,a75,bs
2021,21740,total,340.9495318739579,300.7860288911725,a75,bs
2022,21740,female,272.55861232554423,235.89585489156053,a75,bs
2022,21740,male,273.4669916095861,235.313751938938,a75,bs
2022,21740,total,444.0629753583444,392.4678168792901,a75,bs
2018,10110,female,323.1276011741879,308.4436185325498,a90,bs
2018,10110,male,91.29219968600005,83.58803523419905,a90,bs
2018,10110,total,360.3967722421008,337.5763798939001,a90,bs
2018,10112,female,125.3124748854261,116.38795266150076,a90,bs
2018,10112,male,102.22936006091014,97.26886030213308,a90,bs
2018,10112,total,206.4313388445125,195.77389875191665,a90,bs
2018,10115,female,42.31719215392691,40.03025491661158,a90,bs
2018,10115,male,24.197583732003768,22.46199351170121,a90,bs
2018,10115,total,70.38312371818019,65.61829802092389,a90,bs
2018,10130,female,182.54540899699245,170.60552453924288,a90,bs
2018,10130,male,210.1433285630795,196.74882283993745,a90,bs
2018,10130,total,373.5400199025326,350.6230795569871,a90,bs
2018,10210,female,204.48841805720497,190.830279570371,a90,bs
2018,10210,male,136.27201064414763,127.9186399754289,a90,bs
2018,10210,total,321.0352174206638,300.2518539706678,a90,bs
2018,10261,female,133.06175851306313,125.21593586050388,a90,bs
2018,10261,male,94.81431875484913,89.79736332342353,a90,bs
2018,10261,total,215.03122599187571,204.00523312265213,a90,bs
2018,10285,female,103.4952007118348,96.889416336118,a90,bs
2018,10285,male,60.53990682034977,56.63232011985565,a90,bs
2018,10285,total,141.041299489341,132.15909070191267,a90,bs
2018,21720,female,272.491328826297,256.7207516542513,a90,bs
2018,21720,male,248.2859853356527,233.40149449117777,a90,bs
2018,21720,total,356.79187138881514,336.5314270204657,a90,bs
2018,21740,female,198.415999014535,189.4395741800517,a90,bs
2018,21740,male,220.2757597723184,207.80090109845244,a90,bs
2018,21740,total,269.2606663146833,260.41795929536954,a90,bs
2019,10110,female,247.38713941295967,232.8599060180612,a90,bs
2019,10110,male,116.29983267044692,106.53879990267198,a90,bs
2019,10110,total,332.5320956202678,311.7686911572083,a90,bs
2019,10112,female,106.08471877700988,100.85849095684388,a90,bs
2019,10112,male,89.82498267958671,84.57487202822728,a90,bs
2019,10112,total,187.8298290733103,177.78486259456926,a90,bs
2019,10115,female,32.041525911748614,29.618448394329267,a90,bs
2019,10115,male,10.042114276711631,9.14164173021788,a90,bs
2019,10115,total,40.48938815951328,37.1943125710026,a90,bs
2019,10130,female,176.3815878312409,165.02558904867834,a90,bs
2019,10130,male,174.66777202572376,163.80868497649098,a90,bs
2019,10130,total,296.3769234736059,279.2289146903321,a90,bs
2019,10210,female,197.01116868072555,186.32622446105825,a90,bs
2019,10210,male,144.73196651285727,136.03379901708567,a90,bs
2019,10210,total,305.30292155346314,289.8478638903558,a90,bs
2019,10261,female,108.19260027584193,102.89191304602002,a90,bs
2019,10261,male,93.46870780641576,87.71750273064684,a90,bs
2019,10261,total,193.99348406482517,182.5054696418621,a90,bs
2019,10285,female,127.37785285998169,119.85984662517195,a90,bs
2019,10285,male,66.89000586044715,62.546297136382606,a90,bs
2019,10285,total,160.80453263326407,151.19337551723956,a90,bs
2019,21720,female,224.5022746147229,215.935954183498,a90,bs
2019,21720,male,216.94885836533848,208.33192735618397,a90,bs
2019,21720,total,253.02248969550956,243.8316454171309,a90,bs
2019,21740,female,331.3751564978006,314.2865512829928,a90,bs
2019,21740,male,339.3070085775662,318.22382086665885,a90,bs
2019,21740,total,434.7407241625687,418.2580161392981,a90,bs
2021,10110,female,219.6915255821338,203.17620265724952,a90,bs
2021,10110,male,67.5360792349394,61.15932212744323,a90,bs
2021,10110,total,228.16954319765003,207.6152991740076,a90,bs
2021,10112,female,104.7855446150644,99.59949354709366,a90,bs
2021,10112,male,86.79066980031115,82.51211173017073,a90,bs
2021,10112,total,166.59225526445408,157.83586803486546,a90,bs
2021,10115,female,28.820651439599487,26.85885001982814,a90,bs
2021,10115,male,4.282311475925988,3.9005635096718585,a90,bs
2021,10115,total,34.82555396169875,32.508779966849175,a90,bs
2021,10130,female,214.23756110099055,201.41522273404732,a90,bs
2021,10130,male,186.3887109712819,173.2697680949659,a90,bs
2021,10130,total,313.03277970621474,295.0805621054474,a90,bs
2021,10210,female,144.00758285068966,135.94351959227984,a90,bs
2021,10210,male,124.84154903909932,116.85559458421226,a90,bs
2021,10210,total,242.55641709704344,227.10269762677729,a90,bs
2021,10261,female,133.76031139337704,124.4800967235992,a90,bs
2021,10261,male,145.80675039905952,138.53923230147157,a90,bs
2021,10261,total,273.0025158455724,259.08020521530005,a90,bs
2021,21720,female,398.6912932513579,367.7557649578156,a90,bs
2021,21720,male,414.39335931544986,388.0515843522806,a90,bs
2021,21720,total,614.4056875220689,575.4955693897249,a90,bs
2021,21740,female,215.37173447764152,202.75823075215067,a90,bs
2021,21740,male,229.64640614900875,217.91642471917285,a90,bs
2021,21740,total,340.375524901628,325.21540655671436,a90,bs
2022,21740,female,270.4193951827501,255.57100549497565,a90,bs
2022,21740,male,268.62423157247315,253.0083669808142,a90,bs
2022,21740,total,429.38265027215016,411.902561898216,a90,bs
